set,metric,mean,median,std,min,max,n
valid,std_energy,0.019482437139706328,0.020351236039348183,0.003893641310898864,0.0027137584636284288,0.02819398496490388,45
valid,mean_force,0.6587040699190564,0.17078794538974762,0.7030658707312564,0.14983241260051727,1.9943909645080566,45
valid,mean_std_force,0.0020475148456171157,0.0018576323054730892,0.0004077620217725242,0.0015262943925336003,0.0032552715856581926,45
valid_b45_gb_r1_subset500,std_energy,0.01822790061620563,0.01800820939498495,0.0017138552009684938,0.014247348144540687,0.023130597419446886,500
valid_b45_gb_r1_subset500,mean_force,0.686936145067215,0.6847554445266724,0.05264010347717075,0.5085200667381287,0.8498103022575378,500
valid_b45_gb_r1_subset500,mean_std_force,0.0025879278276115655,0.0025874715065583587,9.444456387372806e-05,0.0023183526936918497,0.0030075290706008673,500
