set,metric,mean,median,std,min,max,n
valid,std_energy,0.019482437139706328,0.020351236039348183,0.003893641310898864,0.0027137584636284288,0.02819398496490388,45
valid,mean_force,0.6587040699190564,0.17078794538974762,0.7030658707312564,0.14983241260051727,1.9943909645080566,45
valid,mean_std_force,0.0020475148456171157,0.0018576323054730892,0.0004077620217725242,0.0015262943925336003,0.0032552715856581926,45
valid_nbc75_gb_r1_subset500,std_energy,0.01808000275325041,0.017822449548649706,0.0015749274046902516,0.014199855299855632,0.022729420801240238,500
valid_nbc75_gb_r1_subset500,mean_force,0.670370504617691,0.6699725687503815,0.04853284540137048,0.5283165574073792,0.8414844274520874,500
valid_nbc75_gb_r1_subset500,mean_std_force,0.002518530406523496,0.002523663337342441,0.00012017417913180237,0.002184897195547819,0.002870675642043352,500
