set,metric,mean,median,std,min,max,n
valid,std_energy,0.15641071086189343,0.15676494093051951,0.0046980258591112455,0.14416048532806247,0.1760044893814451,45
valid,mean_force,0.6606169329749213,0.17160651087760925,0.7041312081079967,0.15058530867099762,1.9975523948669434,45
valid,mean_std_force,0.0016372028453689482,0.0011235540732741356,0.0008501083484449382,0.0008318544132634997,0.004021923523396254,45
valid_gb_r1_subset500,std_energy,0.156091494770925,0.15692934065863484,0.0031132616497864755,0.1470895431259515,0.16053396618075164,98
valid_gb_r1_subset500,mean_force,0.6808918083504755,0.6605197787284851,0.5171236711649855,0.15058621764183044,2.1295626163482666,98
valid_gb_r1_subset500,mean_std_force,0.0016866595922655674,0.0016833340050652623,0.0005956595253101007,0.000831994169857353,0.0032257521525025368,98
