set,metric,mean,median,std,min,max,n
valid,std_energy,0.019482437139706328,0.020351236039348183,0.003893641310898864,0.0027137584636284288,0.02819398496490388,45
valid,mean_force,0.6587040699190564,0.17078794538974762,0.7030658707312564,0.14983241260051727,1.9943909645080566,45
valid,mean_std_force,0.0020475148456171157,0.0018576323054730892,0.0004077620217725242,0.0015262943925336003,0.0032552715856581926,45
valid_gb_r1_subset500,std_energy,0.01857838776835414,0.01822386354449421,0.0028477526567955206,0.00567681641490732,0.029085199931961857,98
valid_gb_r1_subset500,mean_force,0.6810293687241418,0.6619028747081757,0.5164185536621335,0.1498333215713501,2.1282291412353516,98
valid_gb_r1_subset500,mean_std_force,0.0023205261000394063,0.0024885876337066293,0.0003946598855899621,0.0015263663372024894,0.0032423718366771936,98
