round,metric,value
round0,energy_per_atom_rmse,0.005076984752024694
round0,energy_per_atom_mae,0.004744266856118173
round0,force_rmse,0.034550345773670686
round0,force_mae,0.02138180931003236
round1,energy_per_atom_rmse,0.001638640060428366
round1,energy_per_atom_mae,0.0014854831451511423
round1,force_rmse,0.0201674139036416
round1,force_mae,0.010570299297599457
