set,metric,mean,median,std,min,max,n
valid,std_energy,0.26938530003424466,0.27234446530939405,0.016641265883948438,0.2139877123752228,0.3001897230248303,45
valid,mean_force,0.6590623526601588,0.17074495564021938,0.7030057546461805,0.15001831904098417,1.994565956354396,45
valid,mean_std_force,0.008822373446949845,0.00545978616830649,0.006118012156851375,0.0026125713266026258,0.0258097410534826,45
a90_gb_subset500,std_energy,0.25609140785047196,0.2554891522659862,0.029484040902264027,0.17361361549734003,0.3623353628938643,500
a90_gb_subset500,mean_force,0.673173389946415,0.6752944422309315,0.0497430908564623,0.5346239326329326,0.8973551462418847,500
a90_gb_subset500,mean_std_force,0.013672528040063461,0.013440674023781298,0.0015957023177068739,0.010286502261006556,0.019699972284860038,500
