set,metric,mean,median,std,min,max,n
valid,std_energy,0.15641071086189343,0.15676494093051951,0.0046980258591112455,0.14416048532806247,0.1760044893814451,45
valid,mean_force,0.6606169329749213,0.17160651087760925,0.7041312081079967,0.15058530867099762,1.9975523948669434,45
valid,mean_std_force,0.0016372028453689482,0.0011235540732741356,0.0008501083484449382,0.0008318544132634997,0.004021923523396254,45
nac60_gb_r1_subset500,std_energy,0.1561802500221188,0.1563346633416112,0.0015912739689758523,0.14889380384433532,0.15974364851090808,500
nac60_gb_r1_subset500,mean_force,0.6683965930938721,0.6657108664512634,0.05164374704612135,0.5523452162742615,0.8684441447257996,500
nac60_gb_r1_subset500,mean_std_force,0.001651921588461846,0.0016492923023179173,0.0001134757710646017,0.0013142520328983665,0.002052439609542489,500
