set,metric,mean,median,std,min,max,n
valid,std_energy,0.15641071086189343,0.15676494093051951,0.0046980258591112455,0.14416048532806247,0.1760044893814451,45
valid,mean_force,0.6606169329749213,0.17160651087760925,0.7041312081079967,0.15058530867099762,1.9975523948669434,45
valid,mean_std_force,0.0016372028453689482,0.0011235540732741356,0.0008501083484449382,0.0008318544132634997,0.004021923523396254,45
nbc75_gb_r1_subset500,std_energy,0.1555970724185566,0.15621899189855185,0.002575491772052344,0.141362879912559,0.15930948510719173,500
nbc75_gb_r1_subset500,mean_force,0.6700083289146423,0.6704021096229553,0.04855498468221693,0.5284813046455383,0.8426806330680847,500
nbc75_gb_r1_subset500,mean_std_force,0.0016524285739287735,0.0016528268461115658,0.00012121503003920177,0.0013011152623221278,0.0020985412411391735,500
