set,metric,mean,median,std,min,max,n
valid,std_energy,0.019482437139706328,0.020351236039348183,0.003893641310898864,0.0027137584636284288,0.02819398496490388,45
valid,mean_force,0.6587040699190564,0.17078794538974762,0.7030658707312564,0.14983241260051727,1.9943909645080566,45
valid,mean_std_force,0.0020475148456171157,0.0018576323054730892,0.0004077620217725242,0.0015262943925336003,0.0032552715856581926,45
valid_nac60_gb_r1_subset500,std_energy,0.017812043685539698,0.017599963491014142,0.0014548181515612873,0.014063008617104168,0.022829723156285366,500
valid_nac60_gb_r1_subset500,mean_force,0.6688100100755692,0.6655499041080475,0.051627326737260226,0.5532955527305603,0.8707775473594666,500
valid_nac60_gb_r1_subset500,mean_std_force,0.0024981737439520656,0.0025059273466467857,0.00010738672309542149,0.002181075047701597,0.00278095924295485,500
