set,metric,mean,median,std,min,max,n
valid,std_energy,0.15641071086189343,0.15676494093051951,0.0046980258591112455,0.14416048532806247,0.1760044893814451,45
valid,mean_force,0.6606169329749213,0.17160651087760925,0.7041312081079967,0.15058530867099762,1.9975523948669434,45
valid,mean_std_force,0.0016372028453689482,0.0011235540732741356,0.0008501083484449382,0.0008318544132634997,0.004021923523396254,45
a90_gb_r1_subset500,std_energy,0.1558271121506217,0.15635611847857814,0.0021557449446770777,0.14186150671997108,0.16003231225636497,500
a90_gb_r1_subset500,mean_force,0.6754767174720764,0.67762091755867,0.04985312155903054,0.5368838906288147,0.8992286920547485,500
a90_gb_r1_subset500,mean_std_force,0.0016470827660523355,0.0016438260790891945,0.00011897154584829144,0.0013601667014881968,0.0020555127412080765,500
