set,metric,mean,median,std,min,max,n
valid,std_energy,0.26938530003424466,0.27234446530939405,0.016641265883948438,0.2139877123752228,0.3001897230248303,45
valid,mean_force,0.6590623526601588,0.17074495564021938,0.7030057546461805,0.15001831904098417,1.994565956354396,45
valid,mean_std_force,0.008822373446949845,0.00545978616830649,0.006118012156851375,0.0026125713266026258,0.0258097410534826,45
nbc75_gb_subset500,std_energy,0.2553693854167717,0.25834326040114153,0.03493018165764944,0.16802471765462318,0.3616873675737059,500
nbc75_gb_subset500,mean_force,0.667941997342509,0.668144174115419,0.04841276501634047,0.5280704592554822,0.8390397780543434,500
nbc75_gb_subset500,mean_std_force,0.01408118189367107,0.013814242396422271,0.001787161116535745,0.010488255273154569,0.02162864378000031,500
