set,metric,mean,median,std,min,max,n
valid,std_energy,0.26938530003424466,0.27234446530939405,0.016641265883948438,0.2139877123752228,0.3001897230248303,45
valid,mean_force,0.6590623526601588,0.17074495564021938,0.7030057546461805,0.15001831904098417,1.994565956354396,45
valid,mean_std_force,0.008822373446949845,0.00545978616830649,0.006118012156851375,0.0026125713266026258,0.0258097410534826,45
b45_gb_subset500,std_energy,0.25169491477610423,0.2532055028120495,0.028664960055649,0.16920444324983053,0.35342813861166267,500
b45_gb_subset500,mean_force,0.6848409128392932,0.6838451697659278,0.0525837258029566,0.5069554456474168,0.8489018744607938,500
b45_gb_subset500,mean_std_force,0.013887254893471004,0.013713786468030155,0.0017408807429897867,0.009545826447580745,0.020399612131214707,500
