set,metric,mean,median,std,min,max,n
valid,std_energy,0.15641071086189343,0.15676494093051951,0.0046980258591112455,0.14416048532806247,0.1760044893814451,45
valid,mean_force,0.6606169329749213,0.17160651087760925,0.7041312081079967,0.15058530867099762,1.9975523948669434,45
valid,mean_std_force,0.0016372028453689482,0.0011235540732741356,0.0008501083484449382,0.0008318544132634997,0.004021923523396254,45
b45_gb_r1_subset500,std_energy,0.1556638781924741,0.15633360426757353,0.002501728867189445,0.14076527322219043,0.15937382483620474,500
b45_gb_r1_subset500,mean_force,0.6871099883317947,0.6861059963703156,0.05274816272446959,0.5095101594924927,0.8501322865486145,500
b45_gb_r1_subset500,mean_std_force,0.0016785395136103033,0.0016677252715453506,0.0001262871450143152,0.0013531440636143088,0.002189250197261572,500
