set,metric,mean,median,std,min,max,n
valid,std_energy,0.26938530003424466,0.27234446530939405,0.016641265883948438,0.2139877123752228,0.3001897230248303,45
valid,mean_force,0.6590623526601588,0.17074495564021938,0.7030057546461805,0.15001831904098417,1.994565956354396,45
valid,mean_std_force,0.008822373446949845,0.00545978616830649,0.006118012156851375,0.0026125713266026258,0.0258097410534826,45
nac60_gb_subset500,std_energy,0.24721515794323176,0.2553497429927509,0.03437975877839977,0.15852274456291357,0.34548170381392934,500
nac60_gb_subset500,mean_force,0.666383689210772,0.6633141896432542,0.0515030731222697,0.5503844304332192,0.8664902599505283,500
nac60_gb_subset500,mean_std_force,0.014160245709762972,0.013745005411624295,0.0019487361760717856,0.009601931793408605,0.022459885723204988,500
