set,metric,mean,median,std,min,max,n
valid,std_energy,0.019482437139706328,0.020351236039348183,0.003893641310898864,0.0027137584636284288,0.02819398496490388,45
valid,mean_force,0.6587040699190564,0.17078794538974762,0.7030658707312564,0.14983241260051727,1.9943909645080566,45
valid,mean_std_force,0.0020475148456171157,0.0018576323054730892,0.0004077620217725242,0.0015262943925336003,0.0032552715856581926,45
valid_a90_gb_r1_subset500,std_energy,0.018258444032599252,0.01788125205554547,0.001783682581370365,0.014762378764123514,0.022945178242121306,500
valid_a90_gb_r1_subset500,mean_force,0.6752782422304153,0.6776898205280304,0.04975469004912159,0.5357351303100586,0.8972415328025818,500
valid_a90_gb_r1_subset500,mean_std_force,0.002563518830109388,0.0025635299971327186,8.650864185286036e-05,0.0023142793215811253,0.002819925080984831,500
